country,year,Rule_of_Law,Regulatory_Quality,Govt_Effectiveness,Control_of_Corruption,Political_Stability,Voice_Accountability,MktCap_GDP_pct,Portfolio_Inflows_USD,GDP_USD,country_name
BRA,2000,-0.366494999999999,0.0857225,-0.161961,0.1106033,0.3964531,0.2885598,34.5034609982803,3075913756.64062,655448188259.351,Brasil
BRA,2001,,,,,,,33.2576838644364,2481200940.0,559983704094.17,Brasil
BRA,2002,-0.3005311,0.0920433,-0.0536477,0.0977714,0.3357229,0.4840152,24.8651835921558,1980742540.0,509795270685.19,Brasil
BRA,2003,-0.387330099999999,0.188343,-0.117771199999999,0.0538006,0.1101752,0.489488,42.0182496768668,2972604810.0,558233724164.711,Brasil
BRA,2004,-0.2921475,0.0364364,-0.217134399999999,-0.104169299999999,-0.2198219,0.4728434,49.3578142021198,2080933160.0,669289321944.512,Brasil
BRA,2005,-0.3517713,0.0948275,-0.3449277,-0.247161599999999,-0.1740759,0.5823979,53.2333863775009,6451252310.0,891633826625.407,Brasil
BRA,2006,-0.3073782,0.0008242,-0.378799,-0.213272599999999,-0.2563589,0.6050008,64.1233587852083,7715813474.50957,1107626711163.23,Brasil
BRA,2007,-0.3124145,-0.0432525999999999,-0.3870143,-0.2877377,-0.2225111,0.5861992,98.0386015500143,26217335943.55,1397114247188.89,Brasil
BRA,2008,-0.247276299999999,0.1558475,-0.1188332,-0.0919325,-0.173844299999999,0.6354814,34.906605414413,-7565367449.97137,1695855391757.96,Brasil
BRA,2009,-0.2053216,0.1497206,-0.0252664999999999,-0.0402027,0.1161689,0.5739753,80.2189953637506,37071238200.0,1666996294252.12,Brasil
BRA,2010,-0.0413875,0.1900322,-0.0076855,-0.0150966,-0.1493446,0.6301767,69.9718849499809,37671282921.22,2208838108484.35,Brasil
BRA,2011,-0.0747892,0.1885087,-0.0357455,0.2097513,-0.1721799,0.5275116,46.974872486969,7173947294.34,2616156606579.21,Brasil
BRA,2012,-0.0446889,0.1894102,-0.0055523,-0.0113872,-0.0995934,0.5532977,49.7903996612963,5601757311.4,2465228293706.86,Brasil
BRA,2013,-0.134532999999999,0.1300154,0.1384625,-0.0608636,-0.3656427,0.4259615,41.2668772197179,11126371480.21,2472819362043.74,Brasil
BRA,2014,-0.1419913,-0.0364999,-0.0203333,-0.2351787,-0.2414052,0.4250488,34.3599007343126,11492921645.8,2456043766032.38,Brasil
BRA,2015,-0.225204699999999,-0.0963301999999999,-0.1018264,-0.3512683,-0.4959054,0.461258,27.2184465616673,9786874386.37,1802211999456.42,Brasil
BRA,2016,-0.1485678,-0.0962291,-0.100539499999999,-0.366817699999999,-0.5263958,0.4599637,42.243234543327,11039830849.63,1795693265999.04,Brasil
BRA,2017,-0.2808179,-0.106341399999999,-0.1049895,-0.4693688,-0.602133799999999,0.4292352,46.2664552464381,5673535220.18999,2063514688805.78,Brasil
BRA,2018,-0.4015041,-0.244291999999999,-0.206420599999999,-0.407628,-0.645190399999999,0.2933228,47.827652359865,-2953215824.16,1916933708352.71,Brasil
BRA,2019,-0.3861785,-0.099421,0.0428329,-0.372764,-0.722116299999999,0.2046798,63.3838250884009,-1809748191.07,1873288158838.63,Brasil
BRA,2020,-0.392171899999999,-0.1518853,-0.0873994999999999,-0.337231599999999,-0.427421599999999,0.166765,66.9581625438007,-5206084618.91,1476107292151.95,Brasil
BRA,2021,-0.4091435,-0.1510718,-0.0686133999999999,-0.404589,-0.3922756,0.0763533,48.8359583664535,7593798086.89999,1670647464062.96,Brasil
BRA,2022,-0.4398335,-0.1989311,-0.2352194,-0.4562788,-0.415796899999999,0.0304374,40.6992264217543,11452732157.19,1951923832083.87,Brasil
BRA,2023,-0.483012599999999,-0.2359869,-0.2666224,-0.451506099999999,-0.521574099999999,0.2490433,45.2367958179069,834210216.59,2191131869706.02,Brasil
BRA,2024,-0.446218,-0.2945386,-0.224002999999999,-0.4088904,-0.5205702,0.3164771,30.1448139796022,-17512844211.93,2185821648943.86,Brasil
CHN,2000,-0.6100298,-0.276320399999999,-0.4964127,-0.5104071,-0.2665282,-1.59329229999999,,6912000000.0,1223754919971.05,China
CHN,2001,,,,,,,,849000000.0,1355036590251.52,China
CHN,2002,-0.6505266,-0.6181034,-0.517367399999999,-0.5858007,-0.4590725,-1.63499289999999,,2249000000.0,1489821682050.54,China
CHN,2003,-0.7507446,-0.5718516,-0.505060899999999,-0.5215173,-0.5750816,-1.59290889999999,30.4636713403437,7729000000.0,1683903309843.85,China
CHN,2004,-0.7216823,-0.3199809,-0.3548072,-0.6390924,-0.449434399999999,-1.5572199,22.5643099574266,10923200000.0,1984196551300.44,China
CHN,2005,-0.8350576,-0.275588599999999,-0.4690918,-0.667396,-0.5590294,-1.4771405,17.3395191009478,20569000000.0,2317551298052.05,China
CHN,2006,-0.8515222,-0.1592207,-0.3960377,-0.6865856,-0.5305461,-1.4501031,41.033691444197,42861200000.0,2791498472804.33,China
CHN,2007,-0.72761,-0.1438419,-0.245126899999999,-0.614178,-0.5003284,-1.46529209999999,124.272951099968,18478120465.0191,3604055822571.63,China
CHN,2008,-0.694980199999999,-0.0727936,-0.1403096,-0.506852299999999,-0.553233499999999,-1.4917954,38.1112495628245,8464027990.96817,4667346414521.95,China
CHN,2009,-0.7010099,-0.139326099999999,-0.148319999999999,-0.5795465,-0.310643499999999,-1.48387119999999,68.8524786238225,29116669021.7512,5189577094997.58,China
CHN,2010,-0.7004332,-0.1275767,-0.1269778,-0.5891592,-0.6176124,-1.49515209999999,65.0431667921056,31357093655.533,6192564874453.29,China
CHN,2011,-0.5970818,-0.0991737999999999,-0.104167,-0.440116499999999,-0.6326472,-1.3691389,44.4762288163661,5308427622.574,7671757207851.29,China
CHN,2012,-0.691498899999999,-0.2489079,-0.132009799999999,-0.5068203,-0.6177714,-1.455172,42.6276108457102,29902702074.1387,8673664713189.24,China
CHN,2013,-0.795021299999999,-0.262571999999999,-0.1410284,-0.4580204,-0.5627312,-1.4723262,40.5326196174462,32594970774.1324,9743124247267.24,China
CHN,2014,-0.6904443,-0.1691285,0.4896286,-0.3014404,-0.523856099999999,-1.3647981,56.2548972900922,51915788939.8445,10674533168257.4,China
CHN,2015,-0.6620808,-0.1789518,0.5336101,-0.1750814,-0.5462433,-1.3924056,72.5835808340326,14964496565.6,11280814787468.9,China
CHN,2016,-0.6211726,-0.147913799999999,0.543189,-0.092968,-0.501441799999999,-1.3897969,63.9029590501553,23416073023.423,11456024084962.0,China
CHN,2017,-0.5354403,-0.0708427,0.5787617,-0.0492492,-0.203288,-1.3804523,69.4813653656583,36208879301.31,12537559062282.9,China
CHN,2018,-0.5204445,-0.0905581,0.5311035,-0.0701512,-0.237003599999999,-1.4520217,44.7058557619521,60667928466.48,14147765772963.8,China
CHN,2019,-0.5515574,-0.0619233999999999,0.6706547,-0.0496157999999999,-0.138588699999999,-1.5025339,58.8558640185154,44906049116.09,14560167101283.4,China
CHN,2020,-0.5093696,-0.0666201,0.5674972,0.0531167,-0.302661299999999,-1.54226819999999,81.8646786726428,80334733544.4,14996414166715.1,China
CHN,2021,-0.5386195,-0.0246937,0.6669456,0.0556852,-0.259168,-1.61369489999999,79.3192238397069,82900846960.64,18201698719564.0,China
CHN,2022,-0.563864399999999,-0.0908271,0.5292387,0.0432332,-0.249058199999999,-1.6167147,62.6166578891979,38464324948.92,18316765021690.2,China
CHN,2023,-0.552260699999999,-0.0818839,0.7776287,0.1138225,-0.174451499999999,-1.64670189999999,59.8556765846528,11291258950.41,18270356654533.2,China
CHN,2024,-0.579319799999999,-0.0712903,0.8957842,0.0886811,-0.153336399999999,-1.6531931,62.7181039133864,-20236688840.51,18743803170827.2,China
DEU,2000,1.6877899,1.603699,1.7619844,1.7250859,1.3500041,1.5940086,64.5783239896819,-27954347360.9921,1966980701145.1,Alemanha
DEU,2001,,,,,,,54.5036012508445,76890620967.9197,1966381496641.73,Alemanha
DEU,2002,1.6964095,1.6601953,1.7461478,1.8103024,1.0125434,1.5401099,32.6307836233992,13823426043.9609,2102350798305.89,Alemanha
DEU,2003,1.6968919,1.4997507,1.5716359,1.8885223,0.7285007,1.4840326,42.5699149347862,25249417533.9526,2534715518349.01,Alemanha
DEU,2004,1.6707882,1.4377554,1.5450395,1.7933498,0.7052146,1.4773526,41.8788117991391,-7881311243.18104,2852317768061.78,Alemanha
DEU,2005,1.6632518,1.5056287,1.6484947,1.9288145,0.993342,1.568364,41.5476294494245,22064839908.3239,2893393187361.87,Alemanha
DEU,2006,1.6705656,1.5062382,1.6976514,1.7295898,1.0364686,1.5816214,53.7571829522138,35648298963.8876,3046308753670.58,Alemanha
DEU,2007,1.7387655,1.5280349,1.7597094,1.6554474,1.0605417,1.57531,60.423753481629,76962834218.9175,3484056680854.91,Alemanha
DEU,2008,1.6322926,1.3519451,1.737643,1.688208,1.008294,1.5465795,29.1628668367447,-68625797941.1023,3808197720125.0,Alemanha
DEU,2009,1.6083385,1.4048295,1.7720019,1.6821928,1.0301906,1.5905728,37.1521747753963,20837407671.2393,3478545516683.59,Alemanha
DEU,2010,1.6169218,1.4217684,1.538577,1.6517124,0.9300893,1.5107482,41.2368151824591,4762461883.98264,3467093769666.67,Alemanha
DEU,2011,1.5919362,1.472517,1.645879,1.6649059,0.895856,1.518923,30.978859078058,-5501286728.9299,3823575803793.78,Alemanha
DEU,2012,1.6179786,1.5033775,1.7583687,1.6570716,0.9668035,1.5272685,41.3268938999697,-2528212392.54079,3596483233406.25,Alemanha
DEU,2013,1.6271661,1.4776207,1.8105078,1.6261055,0.9567087,1.528676,50.8561638490348,15293848772.652,3807023797050.99,Alemanha
DEU,2014,1.7365653,1.5568299,1.9655186,1.7082916,1.067265,1.5532686,43.8485684872249,2688987138.64616,3964870735760.77,Alemanha
DEU,2015,1.739872,1.6412186,1.9623466,1.7233648,0.8311441,1.5917252,50.0949082078409,20854937638.7276,3425099578746.09,Alemanha
DEU,2016,1.6848367,1.6895096,1.9057837,1.763112,0.7945337,1.5145689,48.5197743240464,-8195206605.90619,3536787895179.0,Alemanha
DEU,2017,1.7028849,1.6946666,1.8901031,1.8222612,0.7022243,1.5233606,60.079981755637,-4039382213.62282,3765351626105.89,Alemanha
DEU,2018,1.715527,1.6795515,1.8019092,1.9178103,0.8239013,1.5425213,43.2795387525403,-43162890335.5035,4055433215301.96,Alemanha
DEU,2019,1.7076622,1.6651379,1.8881241,1.8768449,0.7271723,1.5336755,52.9855978284666,-13244525796.6448,3959894794039.21,Alemanha
DEU,2020,1.6271231,1.5622145,1.7812546,1.8713077,0.6840532,1.6004463,57.9517289387954,-17659244079.4221,3941398957073.94,Alemanha
DEU,2021,1.6349496,1.6129105,1.8265941,1.8243293,0.6603045,1.5769284,57.4718950080433,-7214361527.12912,4355251953410.78,Alemanha
DEU,2022,1.5810518,1.5636199,1.7792628,1.8224098,0.5284799,1.5586754,44.9810563246043,-10744584569.2912,4201021706478.62,Alemanha
DEU,2023,1.5855645,1.4741969,1.5613864,1.699403,0.50602,1.5915479,47.7411977532533,-16682742417.2123,4562207532490.28,Alemanha
DEU,2024,1.6257844,1.4980615,1.5462994,1.7734211,0.1242671,1.5981515,43.6283922696023,-7768508014.61031,4685592577804.69,Alemanha
GBR,2000,1.7176608,1.9218926,1.7413326,2.0302113,1.097531,1.3877258,154.163358398166,166864319535.916,1671597821152.97,Reino Unido
GBR,2001,,,,,,,129.787370279399,-43924309882.3498,1656171009068.66,Reino Unido
GBR,2002,1.6490953,1.920474,1.7830545,1.9357319,0.548758,1.4669329,103.666935952575,-1134807154.82299,1790536570743.41,Reino Unido
GBR,2003,1.6258036,1.8697018,1.6613602,1.9558108,0.4196093,1.4666017,117.688207622641,54489461946.7069,2061227755102.04,Reino Unido
GBR,2004,1.5646583,1.9029927,1.5846989,1.8359316,0.3484335,1.4384235,115.892551894257,37715033033.2978,2429774807762.72,Reino Unido
GBR,2005,1.5576382,1.8447986,1.8367501,1.9020685,0.3958598,1.4461899,119.864709043085,-13204027853.1614,2551361818181.82,Reino Unido
GBR,2006,1.6182155,2.0036658,1.7080687,1.7309828,0.6600601,1.4565018,139.043106242558,-55987613154.2232,2719558417663.29,Reino Unido
GBR,2007,1.5830601,1.892217,1.6664793,1.6278157,0.6958935,1.4133656,123.891584653248,-14248622355.1755,3104699879951.98,Reino Unido
GBR,2008,1.4724907,1.7274858,1.7054858,1.573173,0.6464798,1.3927903,63.4293117399204,101030864400.231,2945251838235.29,Reino Unido
GBR,2009,1.4804987,1.5391758,1.4845712,1.3683606,0.4928367,1.4046597,115.110417691876,27351681975.6501,2429358155475.93,Reino Unido
GBR,2010,1.6337557,1.5460857,1.4807208,1.3760491,0.5937485,1.372089,107.61553654272,-53774646929.5325,2496740681057.14,Reino Unido
GBR,2011,1.4431892,1.5667449,1.4681563,1.4486391,0.4317992,1.4256415,109.592307961893,-2414102199.17427,2675590034128.66,Reino Unido
GBR,2012,1.4985203,1.6452124,1.5077865,1.4826832,0.4684142,1.4159606,121.028819426289,5021145017.5703,2719715961539.83,Reino Unido
GBR,2013,1.5089561,1.7276964,1.4464475,1.504608,0.4599947,1.4097356,141.115984497304,43508651765.5527,2796908333283.39,Reino Unido
GBR,2014,1.5934577,1.7334142,1.6582915,1.5201669,0.5436244,1.3804751,115.736607371526,32561270309.7466,3085362169410.29,Reino Unido
GBR,2015,1.6608814,1.8137278,1.6362652,1.6542704,0.537112,1.4627829,,93158595151.382,2945579890258.46,Reino Unido
GBR,2016,1.6131954,1.6810285,1.6528388,1.7599161,0.4498582,1.468304,,-118649446909.515,2706807606538.73,Reino Unido
GBR,2017,1.6084241,1.6694233,1.5660677,1.8161165,0.4406625,1.4237022,,110094072751.534,2699118387873.1,Reino Unido
GBR,2018,1.4854975,1.6748823,1.5248207,1.8043714,0.2825929,1.3755468,,296700617.1852,2897028009916.05,Reino Unido
GBR,2019,1.4384752,1.7134917,1.3966716,1.7674285,0.5681497,1.3077601,,-27085082807.7727,2875710080015.3,Reino Unido
GBR,2020,1.3554927,1.6013639,1.3728014,1.7210258,0.5102213,1.3173309,,49988916802.6458,2724001478304.59,Reino Unido
GBR,2021,1.3061844,1.600758,1.3289695,1.6641761,0.4363658,1.2930083,118.935321441875,-2881019690.72679,3194559188925.93,Reino Unido
GBR,2022,1.2994581,1.6491931,1.2932604,1.6352771,0.3676912,1.3180973,97.3198877208869,-39787327232.5049,3181244350465.41,Reino Unido
GBR,2023,1.2703547,1.5889865,1.1378943,1.4745753,0.3683427,1.2519674,,-32039697378.4906,3420796653789.08,Reino Unido
GBR,2024,1.269914,1.5112377,1.1849099,1.5097548,0.2577085,1.3006116,,-4647965639.63956,3686033044482.13,Reino Unido
IND,2000,0.2604152,-0.3746035,-0.5480326,-0.2110909,-0.9733951,0.2627985,48.1747500764228,2481311864.49469,468395521654.458,Índia
IND,2001,,,,,,,30.6467519464107,2949583338.55138,485440139204.171,Índia
IND,2002,-0.0434055999999999,-0.389617799999999,-0.4818453,-0.5564837,-1.2778882,0.3144249,33.4380606971708,1063391576.38028,514939140318.756,Índia
IND,2003,0.0275527,-0.441382,-0.4274791,-0.547555599999999,-1.42092669999999,0.332765,50.8465706710106,8216187274.33701,607700687237.318,Índia
IND,2004,0.0575144,-0.2047551,-0.1952701,-0.3879804,-1.0339705,0.3455787,58.597294477825,9053979533.38133,709152728830.775,Índia
IND,2005,0.1692788,-0.177473699999999,-0.1809739,-0.4094793,-0.8561375,0.4298512,76.1521145313341,12151206547.739,820383763511.445,Índia
IND,2006,0.2268876,-0.1925709,-0.1259439,-0.2300042,-0.8196652,0.5500503,95.2151519574149,9509114657.71346,940259888787.721,Índia
IND,2007,0.1942209,-0.2088541,-0.0160503,-0.327370999999999,-0.8184973,0.5529108,161.239453726325,32862817217.0827,1216736438834.96,Índia
IND,2008,0.1618552,-0.2663175,-0.1554864,-0.2950408,-0.7693557,0.5070476,66.003104287215,-15030005084.7087,1198895139005.92,Índia
IND,2009,0.150293,-0.2438041,-0.0934347,-0.3452533,-0.913954899999999,0.4657167,101.894485676839,24688929527.5495,1341888016994.9,Índia
IND,2010,0.0630896,-0.277761,-0.114147699999999,-0.3618247,-0.942319199999999,0.3954553,105.182951703662,30442226311.2953,1675615519484.96,Índia
IND,2011,-0.0132833999999999,-0.3395793,-0.0726295,-0.4906967,-1.1659038,0.3687833,68.2700641693541,-4048294106.03908,1823051829894.55,Índia
IND,2012,-0.1308812,-0.3740965,-0.0887591,-0.5029878,-1.15725679999999,0.2744517,76.0772432428783,22809104593.4461,1827637590410.41,Índia
IND,2013,-0.1159615,-0.3722425,-0.0587027,-0.4708017,-1.17090389999999,0.3021831,68.1342663963192,19891607286.6921,1856721507621.58,Índia
IND,2014,-0.165636199999999,-0.380901899999999,-0.0134938,-0.4139641,-0.817516599999999,0.2647595,82.7172077979209,12369281294.9453,2039126479154.52,Índia
IND,2015,-0.1374229,-0.3303195,0.3968483,-0.3449931,-0.7619187,0.2973847,82.9615370858036,1932581388.28164,2103588360044.94,Índia
IND,2016,-0.0823440999999999,-0.2535746,0.3761225,-0.2852229,-0.7362183,0.304626,76.0981248580096,2336743636.48133,2294796885663.16,Índia
IND,2017,-0.0399917,-0.215826699999999,0.3527821,-0.2244224,-0.572111399999999,0.2554492,96.3987783868431,5928064111.04438,2651474262755.45,Índia
IND,2018,0.020334,-0.1555625,0.5015296,-0.2079644,-0.6785888,0.2032286,153.160482470967,-4361005877.37179,2702929641648.74,Índia
IND,2019,-0.0201063,-0.0981205,0.5054858,-0.2183329,-0.590466199999999,0.1106301,76.2695069175453,13768516396.8703,2835606256558.19,Índia
IND,2020,-0.1029725,-0.1486534,0.3492894,-0.254487099999999,-0.720631199999999,0.056762,95.4245016969537,24854054527.0627,2674851578587.27,Índia
IND,2021,-0.1841026,-0.169914899999999,0.2400136,-0.300757,-0.6015988,-0.0956843999999999,112.02132346833,5223337684.68153,3167270623260.47,Índia
IND,2022,-0.1104884,-0.087658,0.3392526,-0.2924866,-0.7535037,-0.0982654999999999,101.233056167098,-16572089325.951,3346107287730.93,Índia
IND,2023,-0.0879069,-0.1271699,0.422603,-0.3353176,-0.837974,-0.142948,119.283874857038,21427093556.532,3638489096033.86,Índia
IND,2024,-0.0392287,-0.0960695999999999,0.4046051,-0.2953362,-0.785762499999999,-0.0789293,131.241426662713,-827440000.00004,3909891533858.08,Índia
JPN,2000,1.310183,0.773297,1.4003303,0.8487415,1.3326572,1.046647,63.5465700391657,-1285970962.41694,4968359075956.59,Japão
JPN,2001,,,,,,,51.7640488871256,39100776785.6178,4374711694090.87,Japão
JPN,2002,1.1457695,0.5483447,1.3101354,0.8492287,1.162444,1.0507626,49.4710801522655,-16689552683.0966,4182846045873.61,Japão
JPN,2003,1.1529042,0.9636418,1.2980431,0.8804847,1.1294391,1.0855999,65.3403699693169,87775125021.2093,4519561645253.53,Japão
JPN,2004,1.158615,1.0344553,1.3168605,0.8891675,0.9926089,1.0019434,72.7077474943828,98279635804.7707,4893116005656.56,Japão
JPN,2005,1.2069927,1.2239846,1.4051026,0.9277728,1.1883301,1.0603132,94.648292050927,131315273751.34,4831467035389.8,Japão
JPN,2006,1.2757128,1.3064725,1.4570228,0.9794703,1.2340831,1.0881164,100.269591819727,71437018625.5921,4601663122649.92,Japão
JPN,2007,1.2565533,1.2530414,1.2948017,0.8591032,1.1610812,1.1567556,94.5667556012952,45454662461.4817,4579750920354.81,Japão
JPN,2008,1.225871,1.2525058,1.2899509,0.9586641,1.0592924,1.1266166,61.014284621295,-69691958098.9389,5106679115127.3,Japão
JPN,2009,1.3097625,1.224319,1.3261157,1.1663245,1.1160327,1.2506424,62.5028140929669,12431826605.5295,5289493117993.89,Japão
JPN,2010,1.3391975,1.197376,1.3323082,1.3876183,0.9967916,1.258734,66.4651241298202,40328237340.0433,5759071769013.11,Japão
JPN,2011,1.387931,1.3335982,1.3314858,1.5406092,0.9897212,1.3005589,53.3500600588401,5644539995.81052,6233147172341.35,Japão
JPN,2012,1.3484037,1.4295254,1.3144799,1.4904141,0.9655197,1.2947394,55.4628538265445,34941063883.5548,6272362996105.03,Japão
JPN,2013,1.3734398,1.3594273,1.4512486,1.4979614,1.0478848,1.225573,87.1619932991927,169753009829.742,5212328181166.18,Japão
JPN,2014,1.4566952,1.2994963,1.7731694,1.5393479,1.2105334,1.2343567,89.4016616644297,32969269487.1727,4896994405353.29,Japão
JPN,2015,1.4360203,1.4111482,1.7060508,1.4505851,1.2226375,1.1764466,110.123633038841,11272390991.9653,4444930651964.18,Japão
JPN,2016,1.4336864,1.5287918,1.8137387,1.4452816,1.1198832,1.165848,99.0331516365327,-44844850859.3356,5003677627544.24,Japão
JPN,2017,1.4892015,1.3985802,1.7125133,1.4760635,1.169376,1.1976783,126.202199426239,16471994748.8411,4930837369151.42,Japão
JPN,2018,1.4871198,1.364542,1.8248998,1.3909549,1.1378638,1.120314,105.077091955864,-41678881715.7543,5040880939324.86,Japão
JPN,2019,1.5119949,1.3886549,1.8365282,1.4335295,1.1161393,1.0775489,120.96679808146,30895270058.7907,5117993853016.51,Japão
JPN,2020,1.5138826,1.3671823,1.8051167,1.4301233,1.1325471,1.0813117,132.926971755297,-80451873640.9795,5054068005376.28,Japão
JPN,2021,1.5319019,1.3955783,1.653038,1.4554011,1.1600529,1.0951218,129.8692412031,18637246307.2619,5039148168861.22,Japão
JPN,2022,1.5084676,1.4106972,2.0307507,1.4419346,1.2758787,1.0997002,126.22924958757,-8289793060.56092,4262463317796.53,Japão
JPN,2023,1.5084872,1.3978822,1.9883877,1.3377896,1.2674256,1.1289319,145.951960431945,25135296918.8012,4213167237905.83,Japão
JPN,2024,1.5115753,1.3296352,2.0879101,1.3570132,1.1343228,1.1161265,156.685999360649,13129481654.5234,4027597523550.58,Japão
MEX,2000,-0.5434,0.265601,0.01828,-0.052013,-0.0676808,0.1643505,16.872436951044,446800000.0,742061329749.127,México
MEX,2001,,,,,,,15.8603185594407,151000000.0,796064590549.136,México
MEX,2002,-0.2878254,0.5430047,-0.3151304,-0.323118099999999,-0.1388043,0.2942606,12.8216966143023,-103600000.0,810666116401.915,México
MEX,2003,-0.239611499999999,0.5160342,-0.270301299999999,-0.321735899999999,-0.0924325999999999,0.3394357,16.0058735770849,-123300000.0,765549967703.273,México
MEX,2004,-0.1818945,0.3851401,-0.2433608,-0.4561652,-0.153878699999999,0.4314853,20.9164756798276,-2522205000.0,819459227375.022,México
MEX,2005,-0.2086303,0.3326887,-0.1302682,-0.432437399999999,-0.3587092,0.4327973,26.0609508759757,3356656264.0,917571853529.104,México
MEX,2006,-0.2086418,0.3855941,-0.0851155,-0.337978799999999,-0.5961789,0.3267985,34.1426110116069,2794304378.0,1020265057882.01,México
MEX,2007,-0.2930473,0.359664,-0.159785899999999,-0.402557699999999,-0.6336248,0.2914444,36.0795242701998,-486360071.0,1102355554971.95,México
MEX,2008,-0.5412926,0.3449351,0.00661379999999999,-0.3871309,-0.74551,0.2666715,20.1501633904484,-3491816078.0,1161553459715.1,México
MEX,2009,-0.478466299999999,0.3417056,0.103917,-0.316011999999999,-0.7909518,0.3465963,37.3151874616726,4155359316.0,943437415024.633,México
MEX,2010,-0.5089477,0.1160396,-0.0704234,-0.383217,-0.8229063,0.302969,41.1014345516378,373087641.0,1105424238731.09,México
MEX,2011,-0.617978399999999,0.1727169,0.0989004,-0.4247504,-0.7251572,0.1509914,33.2534803203422,-6565768745.0,1229013703416.76,México
MEX,2012,-0.5948829,0.2864858,0.198193,-0.4579567,-0.8010179,0.1613289,41.8335048150227,5770381701.0,1255110424817.79,México
MEX,2013,-0.6475514,0.2862275,0.2228276,-0.5312775,-0.804453299999999,0.140441,39.6264320819484,-2430670075.0,1327436290282.67,México
MEX,2014,-0.5831095,0.2083406,0.131427,-0.7528978,-0.959658599999999,0.0591695,35.1955004578294,4833549827.0,1364507717614.13,México
MEX,2015,-0.6829719,0.1825598,0.0999956999999999,-0.840903899999999,-0.892263399999999,-0.0649057,33.1538048431838,3601271612.0,1213294467716.88,México
MEX,2016,-0.667592499999999,0.1610393,0.1280596,-0.8211672,-0.833912099999999,-0.09985,31.5409987585363,9477336142.0,1112233497452.7,México
MEX,2017,-0.7300047,0.1640815,0.0099863,-0.9481326,-1.0455954,-0.1417561,35.0225076508926,10320166859.0,1190721475906.0,México
MEX,2018,-0.8062687,-0.00317669999999999,-0.0269292,-0.9427494,-0.927316799999999,-0.0473499999999999,,2421181030.0,1256300182879.73,México
MEX,2019,-0.8760117,-0.0417639999999999,-0.00866849999999999,-0.8896518,-0.8974274,-0.0639434,,-10079099.0,1304106203902.45,México
MEX,2020,-0.986665199999999,-0.1196879,-0.0462657999999999,-0.853792,-0.7772933,-0.0915771,35.6461742134171,186227747.0,1121064767308.42,México
MEX,2021,-1.0248188,-0.191282199999999,-0.0457428999999999,-0.8733867,-0.736204699999999,-0.17373,34.9170804604158,-3163003858.0,1316569466685.95,México
MEX,2022,-1.0822517,-0.156337,-0.0874176,-0.8757541,-0.5890439,-0.240528499999999,30.9741410081466,-4660923945.0,1466934724293.06,México
MEX,2023,-1.0777054,-0.1760497,-0.0748651999999999,-0.9321625,-0.5984727,-0.2517507,32.0669850496152,-5162478344.0,1798317581486.88,México
MEX,2024,-1.15386449999999,-0.1957883,-0.2199329,-0.9408772,-0.7154541,-0.338295,,-5304670032.0,1856365616165.94,México
USA,2000,1.6861165,1.8346476,1.8902073,1.566107,1.0044581,1.2795216,147.379061960136,193600000000.0,10250947997000.0,EUA
USA,2001,,,,,,,132.146652819017,121464000000.0,10581929774000.0,EUA
USA,2002,1.652525,1.7368901,1.9329717,1.8239201,0.3794999,1.4030872,101.146635097615,54067000000.0,10929112955000.0,EUA
USA,2003,1.5943195,1.6802584,1.6606418,1.5264422,0.2636677,1.3318887,124.526145193632,33982000000.0,11456442041000.0,EUA
USA,2004,1.5033531,1.6757421,1.631481,1.6149113,0.0797789,1.2442672,133.612737929627,61787000000.0,12217193198000.0,EUA
USA,2005,1.576979,1.7387257,1.6184563,1.4877645,0.1993466,1.3300483,130.382734540376,89258000000.0,13039199193000.0,EUA
USA,2006,1.5810589,1.673324,1.5496392,1.2941505,0.4194245,1.2858301,141.644163028722,145481000000.0,13815586948000.0,EUA
USA,2007,1.560144,1.5170645,1.5470008,1.2346554,0.4595604,1.292219,137.639681557832,275617000000.0,14474226905000.0,EUA
USA,2008,1.5814023,1.5266593,1.5125018,1.3233739,0.629976,1.3259506,78.4725069790145,126805000000.0,14769857911000.0,EUA
USA,2009,1.4840388,1.3091242,1.426754,1.1486487,0.6411914,1.3010715,104.138818334713,219303000000.0,14478064934000.0,EUA
USA,2010,1.5091908,1.3517357,1.4295364,1.1573891,0.6163511,1.2938276,114.848112933717,178953000000.0,15048964444000.0,EUA
USA,2011,1.3632725,1.3974735,1.4578633,1.2705574,0.6245434,1.2317531,100.262689943548,123357000000.0,15599728123000.0,EUA
USA,2012,1.3842726,1.4422743,1.5288502,1.263101,0.6207484,1.2638759,114.85397505198,239066000000.0,16253972230000.0,EUA
USA,2013,1.3016083,1.3908667,1.5525204,1.180704,0.5795227,1.1662268,142.697743735073,-62642000000.0,16843190993000.0,EUA
USA,2014,1.3412574,1.2856555,1.6003318,1.2391968,0.6681229,1.2001675,150.02603277454,154312000000.0,17550680174000.0,EUA
USA,2015,1.3770167,1.2919442,1.5727519,1.2367604,0.6658794,1.2887597,137.688185444872,-187306000000.0,18206020741000.0,EUA
USA,2016,1.3971578,1.4076516,1.5920786,1.2420313,0.3279152,1.2417637,146.306705272649,-139701000000.0,18695110842000.0,EUA
USA,2017,1.3200336,1.509025,1.5989168,1.3058193,0.1101294,1.1236482,164.91321885409,149634000000.0,19477336549000.0,EUA
USA,2018,1.1721068,1.484217,1.6426557,1.2504255,0.2904961,1.0530998,148.23078992826,156916000000.0,20533057312000.0,EUA
USA,2019,1.1235175,1.3675576,1.5492277,1.1719722,0.0546375,1.0249835,159.420819612207,-291427000000.0,21380976119000.0,EUA
USA,2020,1.0043814,1.2778639,1.4026997,1.124297,-0.146807,0.9561038,197.3833187889,687416000000.0,21060473613000.0,EUA
USA,2021,1.0279752,1.4642419,1.4427774,1.1247591,-0.126399999999999,0.8877304,208.228052204508,-53068000000.0,23315080560000.0,EUA
USA,2022,1.0518325,1.4588295,1.4713232,1.2023562,-0.1626087,0.922751,157.384175416952,2586000000.0,25604848907611.0,EUA
USA,2023,0.9606912,1.4306863,1.3585237,1.1951066,-0.193136399999999,0.8636176,179.463180379106,45460000000.0,27292170793214.4,EUA
USA,2024,0.9617896,1.3524886,1.3599787,1.0868914,-0.0951125,0.8869557,216.290842771421,305897000000.0,28750956130731.2,EUA
